<?xml version="1.0" encoding="UTF-8"?>

<channel name="displays" version="1.0">
  <property name="Default" type="empty">
    <property name="eDP-1" type="string" value="1. AU Optronics 15&quot;">
      <property name="Active" type="bool" value="true"/>
      <property name="Resolution" type="string" value="1920x1080"/>
      <property name="RefreshRate" type="double" value="60.029734"/>
      <property name="Rotation" type="int" value="0"/>
      <property name="Reflection" type="string" value="0"/>
      <property name="Primary" type="bool" value="false"/>
      <property name="Position" type="empty">
        <property name="X" type="int" value="0"/>
        <property name="Y" type="int" value="0"/>
      </property>
    </property>
    <property name="HDMI-1" type="string" value="2. In Focus Systems Inc ">
      <property name="Active" type="bool" value="true"/>
      <property name="Resolution" type="string" value="1280x1024"/>
      <property name="RefreshRate" type="double" value="60.019740"/>
      <property name="Rotation" type="int" value="0"/>
      <property name="Reflection" type="string" value="0"/>
      <property name="Primary" type="bool" value="false"/>
      <property name="Position" type="empty">
        <property name="X" type="int" value="0"/>
        <property name="Y" type="int" value="0"/>
      </property>
    </property>
  </property>
  <property name="Notify" type="bool" value="true"/>
</channel>
