<?xml version="1.0" encoding="UTF-8"?>

<channel name="displays" version="1.0">
  <property name="Default" type="empty">
    <property name="eDP-1" type="string" value="Laptop">
      <property name="Active" type="bool" value="true"/>
      <property name="Resolution" type="string" value="1600x900"/>
      <property name="RefreshRate" type="double" value="60.000000"/>
      <property name="Rotation" type="int" value="0"/>
      <property name="Reflection" type="string" value="0"/>
      <property name="Primary" type="bool" value="true"/>
      <property name="Position" type="empty">
        <property name="X" type="int" value="0"/>
        <property name="Y" type="int" value="0"/>
      </property>
    </property>
    <property name="HDMI-1" type="string" value="2. Samsung 22&quot;">
      <property name="Active" type="bool" value="true"/>
      <property name="Resolution" type="string" value="1280x800"/>
      <property name="RefreshRate" type="double" value="59.909545"/>
      <property name="Rotation" type="int" value="0"/>
      <property name="Reflection" type="string" value="0"/>
      <property name="Primary" type="bool" value="false"/>
      <property name="Position" type="empty">
        <property name="X" type="int" value="0"/>
        <property name="Y" type="int" value="0"/>
      </property>
    </property>
    <property name="DP-2" type="string" value="DP-2">
      <property name="Active" type="bool" value="false"/>
      <property name="Resolution" type="string" value="1024x768"/>
      <property name="RefreshRate" type="double" value="60.003840"/>
      <property name="Rotation" type="int" value="0"/>
      <property name="Reflection" type="string" value="0"/>
      <property name="Primary" type="bool" value="false"/>
      <property name="Position" type="empty">
        <property name="X" type="int" value="1600"/>
        <property name="Y" type="int" value="0"/>
      </property>
    </property>
  </property>
  <property name="Notify" type="bool" value="true"/>
</channel>
