<?xml version="1.0" encoding="UTF-8"?>

<channel name="parole" version="1.0">
  <property name="subtitles" type="empty">
    <property name="font" type="string" value="Sans Bold 20"/>
  </property>
  <property name="folders" type="empty">
    <property name="last-used-media" type="string" value="/media/donkeysharp/1b0fb76c-9b12-4785-8dda-dfdb434e4716/donkeysharp/Multimedia/videos/varios"/>
  </property>
  <property name="window" type="empty">
    <property name="maximized" type="bool" value="false"/>
  </property>
  <property name="audio" type="empty">
    <property name="volume" type="int" value="100"/>
  </property>
  <property name="playlist" type="empty">
    <property name="show-playlist" type="bool" value="false"/>
  </property>
</channel>
