<?xml version="1.0" encoding="UTF-8"?>

<channel name="pointers" version="1.0">
  <property name="_USB_OPTICAL_MOUSE" type="empty">
    <property name="RightHanded" type="bool" value="true"/>
    <property name="Threshold" type="int" value="6"/>
    <property name="Acceleration" type="double" value="4.100000"/>
    <property name="ReverseScrolling" type="bool" value="false"/>
  </property>
  <property name="TPPS2_IBM_TrackPoint" type="empty">
    <property name="RightHanded" type="bool" value="true"/>
    <property name="Threshold" type="int" value="1"/>
    <property name="Acceleration" type="double" value="2.000000"/>
  </property>
</channel>
