<?xml version="1.0" encoding="UTF-8"?>

<channel name="xfce4-panel" version="1.0">
  <property name="configver" type="int" value="2"/>
  <property name="panels" type="array">
    <value type="int" value="1"/>
    <value type="int" value="2"/>
    <property name="panel-1" type="empty">
      <property name="position" type="string" value="p=6;x=0;y=0"/>
      <property name="length" type="uint" value="88"/>
      <property name="position-locked" type="bool" value="true"/>
      <property name="size" type="uint" value="31"/>
      <property name="plugin-ids" type="array">
        <value type="int" value="1"/>
        <value type="int" value="2"/>
        <value type="int" value="3"/>
        <value type="int" value="15"/>
        <value type="int" value="6"/>
        <value type="int" value="4"/>
        <value type="int" value="5"/>
      </property>
      <property name="background-style" type="uint" value="1"/>
      <property name="background-color" type="array">
        <value type="uint" value="11051"/>
        <value type="uint" value="11051"/>
        <value type="uint" value="11051"/>
        <value type="uint" value="65535"/>
      </property>
    </property>
    <property name="panel-2" type="empty">
      <property name="position" type="string" value="p=2;x=1824;y=24"/>
      <property name="plugin-ids" type="array">
        <value type="int" value="14"/>
        <value type="int" value="13"/>
        <value type="int" value="11"/>
        <value type="int" value="9"/>
      </property>
      <property name="size" type="uint" value="31"/>
      <property name="length" type="uint" value="1"/>
      <property name="position-locked" type="bool" value="true"/>
      <property name="disable-struts" type="bool" value="true"/>
      <property name="background-style" type="uint" value="0"/>
      <property name="background-color" type="array">
        <value type="uint" value="60778"/>
        <value type="uint" value="60778"/>
        <value type="uint" value="60778"/>
        <value type="uint" value="65535"/>
      </property>
    </property>
  </property>
  <property name="plugins" type="empty">
    <property name="plugin-1" type="string" value="applicationsmenu">
      <property name="button-icon" type="string" value="debian-logo"/>
      <property name="show-button-title" type="bool" value="false"/>
      <property name="button-title" type="string" value=""/>
    </property>
    <property name="plugin-3" type="string" value="tasklist">
      <property name="show-labels" type="bool" value="false"/>
      <property name="flat-buttons" type="bool" value="true"/>
      <property name="show-handle" type="bool" value="false"/>
    </property>
    <property name="plugin-15" type="string" value="separator">
      <property name="expand" type="bool" value="true"/>
      <property name="style" type="uint" value="0"/>
    </property>
    <property name="plugin-6" type="string" value="systray">
      <property name="names-visible" type="array">
        <value type="string" value="thunar"/>
        <value type="string" value="vlc"/>
        <value type="string" value="kazam"/>
        <value type="string" value="kupfer.py"/>
        <value type="string" value="networkmanager applet"/>
        <value type="string" value="task manager"/>
        <value type="string" value="quiterss"/>
        <value type="string" value="shutter"/>
        <value type="string" value="orage"/>
        <value type="string" value="blueman-applet"/>
        <value type="string" value="zoom"/>
        <value type="string" value="xfce4-power-manager"/>
        <value type="string" value="skypeforlinux"/>
        <value type="string" value="teamviewer"/>
        <value type="string" value="slack"/>
        <value type="string" value="notes"/>
        <value type="string" value="remmina"/>
      </property>
      <property name="show-frame" type="bool" value="false"/>
      <property name="size-max" type="uint" value="21"/>
    </property>
    <property name="plugin-2" type="string" value="separator">
      <property name="expand" type="bool" value="true"/>
      <property name="style" type="uint" value="0"/>
    </property>
    <property name="plugin-9" type="string" value="datetime"/>
    <property name="notes" type="empty">
      <property name="global" type="empty">
        <property name="background-color" type="string" value="#ffffffffffff"/>
        <property name="font-description" type="string" value="Sans 11"/>
        <property name="skip-taskbar-hint" type="bool" value="false"/>
        <property name="tabs-position" type="int" value="0"/>
      </property>
    </property>
    <property name="plugin-11" type="string" value="pulseaudio">
      <property name="enable-keyboard-shortcuts" type="bool" value="true"/>
      <property name="show-notifications" type="bool" value="false"/>
    </property>
    <property name="plugin-13" type="string" value="cpugraph"/>
    <property name="plugin-14" type="string" value="pager">
      <property name="rows" type="uint" value="2"/>
    </property>
    <property name="plugin-4" type="string" value="power-manager-plugin"/>
    <property name="plugin-5" type="string" value="xfce4-timer"/>
  </property>
</channel>
