<?xml version="1.0" encoding="UTF-8"?>

<channel name="xfce4-power-manager" version="1.0">
  <property name="xfce4-power-manager" type="empty">
    <property name="power-button-action" type="empty"/>
    <property name="brightness-switch-restore-on-exit" type="int" value="1"/>
    <property name="brightness-switch" type="int" value="0"/>
    <property name="show-panel-label" type="int" value="0"/>
    <property name="inactivity-on-battery" type="uint" value="86"/>
    <property name="inactivity-sleep-mode-on-battery" type="uint" value="2"/>
    <property name="inactivity-on-ac" type="uint" value="118"/>
    <property name="dpms-on-battery-off" type="uint" value="60"/>
    <property name="dpms-on-battery-sleep" type="uint" value="30"/>
    <property name="dpms-on-ac-sleep" type="uint" value="60"/>
    <property name="dpms-on-ac-off" type="uint" value="60"/>
    <property name="blank-on-ac" type="int" value="60"/>
    <property name="brightness-level-on-battery" type="uint" value="80"/>
    <property name="brightness-on-battery" type="uint" value="9"/>
    <property name="brightness-on-ac" type="uint" value="9"/>
    <property name="blank-on-battery" type="int" value="28"/>
    <property name="lock-screen-suspend-hibernate" type="bool" value="false"/>
    <property name="logind-handle-lid-switch" type="bool" value="false"/>
    <property name="presentation-mode" type="bool" value="false"/>
    <property name="lid-action-on-battery" type="uint" value="0"/>
    <property name="lid-action-on-ac" type="uint" value="0"/>
  </property>
</channel>
