<?xml version="1.0" encoding="UTF-8"?>

<channel name="xfce4-notifyd" version="1.0">
  <property name="applications" type="empty">
    <property name="known_applications" type="array">
      <value type="string" value="Blueman"/>
      <value type="string" value="com.uploadedlobster.peek"/>
      <value type="string" value="FileZilla"/>
      <value type="string" value="Firefox"/>
      <value type="string" value="flameshot"/>
      <value type="string" value="google-chrome"/>
      <value type="string" value="kupfer"/>
      <value type="string" value="nm-applet"/>
      <value type="string" value="notify-send"/>
      <value type="string" value="Skype"/>
      <value type="string" value="Slack"/>
      <value type="string" value="Thunar"/>
      <value type="string" value="thunar-volman"/>
      <value type="string" value="Xfce volume control"/>
      <value type="string" value="Xfce4-notifyd settings"/>
      <value type="string" value="xfce4-power-manager"/>
    </property>
  </property>
  <property name="notify-location" type="uint" value="1"/>
  <property name="theme" type="string" value="Bright"/>
  <property name="expire-timeout" type="int" value="5"/>
  <property name="primary-monitor" type="uint" value="0"/>
  <property name="log-level" type="uint" value="0"/>
  <property name="log-level-apps" type="uint" value="0"/>
</channel>
