<?xml version="1.0" encoding="UTF-8"?>

<channel name="xfce4-panel" version="1.0">
  <property name="configver" type="int" value="2"/>
  <property name="panels" type="array">
    <value type="int" value="1"/>
    <value type="int" value="2"/>
    <property name="dark-mode" type="bool" value="true"/>
    <property name="panel-1" type="empty">
      <property name="position" type="string" value="p=6;x=0;y=0"/>
      <property name="length" type="uint" value="79"/>
      <property name="position-locked" type="bool" value="true"/>
      <property name="icon-size" type="uint" value="0"/>
      <property name="size" type="uint" value="33"/>
      <property name="enter-opacity" type="uint" value="100"/>
      <property name="background-style" type="uint" value="1"/>
      <property name="background-rgba" type="array">
        <value type="double" value="0.168627"/>
        <value type="double" value="0.168627"/>
        <value type="double" value="0.168627"/>
        <value type="double" value="0.56418900000000005"/>
      </property>
      <property name="plugin-ids" type="array">
        <value type="int" value="1"/>
        <value type="int" value="2"/>
        <value type="int" value="3"/>
        <value type="int" value="4"/>
        <value type="int" value="6"/>
      </property>
      <property name="leave-opacity" type="uint" value="100"/>
    </property>
    <property name="panel-2" type="empty">
      <property name="position" type="string" value="p=2;x=1298;y=17"/>
      <property name="size" type="uint" value="33"/>
      <property name="position-locked" type="bool" value="true"/>
      <property name="disable-struts" type="bool" value="true"/>
      <property name="length" type="uint" value="1"/>
      <property name="plugin-ids" type="array">
        <value type="int" value="5"/>
        <value type="int" value="13"/>
        <value type="int" value="7"/>
        <value type="int" value="12"/>
        <value type="int" value="8"/>
        <value type="int" value="9"/>
        <value type="int" value="10"/>
        <value type="int" value="14"/>
        <value type="int" value="15"/>
      </property>
      <property name="background-style" type="uint" value="0"/>
      <property name="background-rgba" type="array">
        <value type="double" value="0.168627"/>
        <value type="double" value="0.168627"/>
        <value type="double" value="0.168627"/>
        <value type="double" value="0.85472999999999999"/>
      </property>
      <property name="enter-opacity" type="uint" value="100"/>
      <property name="leave-opacity" type="uint" value="100"/>
    </property>
  </property>
  <property name="plugins" type="empty">
    <property name="plugin-1" type="string" value="applicationsmenu">
      <property name="show-button-title" type="bool" value="false"/>
      <property name="button-icon" type="string" value="debian-logo"/>
    </property>
    <property name="plugin-2" type="string" value="separator">
      <property name="style" type="uint" value="0"/>
      <property name="expand" type="bool" value="true"/>
    </property>
    <property name="plugin-3" type="string" value="tasklist">
      <property name="show-labels" type="bool" value="false"/>
      <property name="flat-buttons" type="bool" value="true"/>
      <property name="show-handle" type="bool" value="false"/>
    </property>
    <property name="plugin-4" type="string" value="separator">
      <property name="expand" type="bool" value="true"/>
      <property name="style" type="uint" value="0"/>
    </property>
    <property name="plugin-6" type="string" value="systray">
      <property name="known-legacy-items" type="array">
        <value type="string" value="wi-fi network connection “foobarken” active: foobarken (49%)"/>
        <value type="string" value="xfce4-power-manager"/>
        <value type="string" value="task manager"/>
        <value type="string" value="xpad"/>
        <value type="string" value="networkmanager applet"/>
      </property>
      <property name="known-items" type="array">
        <value type="string" value="chrome_status_icon_1"/>
        <value type="string" value="zoom"/>
      </property>
    </property>
    <property name="plugin-5" type="string" value="power-manager-plugin"/>
    <property name="plugin-7" type="string" value="xfce4-timer-plugin"/>
    <property name="plugin-8" type="string" value="pager">
      <property name="rows" type="uint" value="2"/>
      <property name="miniature-view" type="bool" value="true"/>
    </property>
    <property name="plugin-9" type="string" value="cpugraph"/>
    <property name="plugin-10" type="string" value="pulseaudio">
      <property name="enable-keyboard-shortcuts" type="bool" value="true"/>
      <property name="mpris-players" type="string" value="chromium.instance4681"/>
    </property>
    <property name="plugin-12" type="string" value="separator">
      <property name="style" type="uint" value="0"/>
    </property>
    <property name="plugin-13" type="string" value="separator">
      <property name="style" type="uint" value="0"/>
    </property>
    <property name="plugin-14" type="string" value="clock"/>
    <property name="plugin-15" type="string" value="actions">
      <property name="button-title" type="uint" value="3"/>
      <property name="custom-title" type="string" value="👾"/>
    </property>
  </property>
</channel>
