<?xml version="1.0" encoding="UTF-8"?>

<channel name="xfce4-panel" version="1.0">
  <property name="configver" type="int" value="2"/>
  <property name="panels" type="array">
    <value type="int" value="1"/>
    <value type="int" value="2"/>
    <property name="panel-1" type="empty">
      <property name="position" type="string" value="p=6;x=0;y=0"/>
      <property name="length" type="uint" value="81"/>
      <property name="position-locked" type="bool" value="true"/>
      <property name="size" type="uint" value="33"/>
      <property name="plugin-ids" type="array">
        <value type="int" value="1"/>
        <value type="int" value="2"/>
        <value type="int" value="3"/>
        <value type="int" value="15"/>
        <value type="int" value="5"/>
      </property>
      <property name="background-style" type="uint" value="1"/>
      <property name="background-color" type="array">
        <value type="uint" value="11051"/>
        <value type="uint" value="11051"/>
        <value type="uint" value="11051"/>
        <value type="uint" value="65535"/>
      </property>
      <property name="length-adjust" type="bool" value="true"/>
      <property name="background-alpha" type="uint" value="57"/>
    </property>
    <property name="panel-2" type="empty">
      <property name="position" type="string" value="p=2;x=1824;y=24"/>
      <property name="plugin-ids" type="array">
        <value type="int" value="4"/>
        <value type="int" value="7"/>
        <value type="int" value="14"/>
        <value type="int" value="13"/>
        <value type="int" value="11"/>
        <value type="int" value="9"/>
      </property>
      <property name="size" type="uint" value="32"/>
      <property name="length" type="uint" value="1"/>
      <property name="position-locked" type="bool" value="true"/>
      <property name="disable-struts" type="bool" value="true"/>
      <property name="background-style" type="uint" value="0"/>
      <property name="background-color" type="array">
        <value type="uint" value="60778"/>
        <value type="uint" value="60778"/>
        <value type="uint" value="60778"/>
        <value type="uint" value="65535"/>
      </property>
      <property name="background-alpha" type="uint" value="57"/>
    </property>
  </property>
  <property name="plugins" type="empty">
    <property name="plugin-1" type="string" value="applicationsmenu">
      <property name="button-icon" type="string" value="debian-logo"/>
      <property name="show-button-title" type="bool" value="false"/>
      <property name="button-title" type="string" value=""/>
    </property>
    <property name="plugin-3" type="string" value="tasklist">
      <property name="show-labels" type="bool" value="false"/>
      <property name="flat-buttons" type="bool" value="true"/>
      <property name="show-handle" type="bool" value="false"/>
    </property>
    <property name="plugin-15" type="string" value="separator">
      <property name="expand" type="bool" value="true"/>
      <property name="style" type="uint" value="0"/>
    </property>
    <property name="plugin-2" type="string" value="separator">
      <property name="expand" type="bool" value="true"/>
      <property name="style" type="uint" value="0"/>
    </property>
    <property name="plugin-9" type="string" value="datetime"/>
    <property name="notes" type="empty">
      <property name="global" type="empty">
        <property name="background-color" type="string" value="#ffffffffffff"/>
        <property name="font-description" type="string" value="Sans 11"/>
        <property name="skip-taskbar-hint" type="bool" value="false"/>
        <property name="tabs-position" type="int" value="0"/>
      </property>
    </property>
    <property name="plugin-11" type="string" value="pulseaudio">
      <property name="enable-keyboard-shortcuts" type="bool" value="true"/>
      <property name="show-notifications" type="bool" value="false"/>
      <property name="mpris-players" type="string" value="chrome.instance11275;chrome.instance1165;chrome.instance11716;chrome.instance1200;chrome.instance12301;chrome.instance1271;chrome.instance1319;chrome.instance1332;chrome.instance1333;chrome.instance1340;chrome.instance1396;chrome.instance1409;chrome.instance1413;chrome.instance14158;chrome.instance1419;chrome.instance14212;chrome.instance1431;chrome.instance1433;chrome.instance1438;chrome.instance1442;chrome.instance1458;chrome.instance1461;chrome.instance1463;chrome.instance1473;chrome.instance1494;chrome.instance1504;chrome.instance1533;chrome.instance1535;chrome.instance1567;chrome.instance1680;chrome.instance17120;chrome.instance17400;chrome.instance17685;chrome.instance1774;chrome.instance1777;chrome.instance1796;chrome.instance1816;chrome.instance1831;chrome.instance1840;chrome.instance1858;chrome.instance1889;chrome.instance18980;chrome.instance1906;chrome.instance1922;chrome.instance1941;chrome.instance1959;chrome.instance2020;chrome.instance2052;chrome.instance2094;chrome.instance20975;chrome.instance2116;chrome.instance2339;chrome.instance2479;chrome.instance25020;chrome.instance25218;chrome.instance2680;chrome.instance2735;chrome.instance2851;chrome.instance30356;chrome.instance30884;chrome.instance32087;chrome.instance32342;chrome.instance4036;chrome.instance4128;chrome.instance4480;chrome.instance5358;chrome.instance6496;chrome.instance7568;chrome.instance7754;chrome.instance7899;chrome.instance9732;chrome.instance9889;chromium.instance10218;chromium.instance10349;chromium.instance11368;chromium.instance11849;chromium.instance1332;chromium.instance1339;chromium.instance13608;chromium.instance1386;chromium.instance1388;chromium.instance13970;chromium.instance15032;chromium.instance15471;chromium.instance15766;chromium.instance16040;chromium.instance16489;chromium.instance17938;chromium.instance18680;chromium.instance18834;chromium.instance20009;chromium.instance20754;chromium.instance21401;chromium.instance2199;chromium.instance2257;chromium.instance23719;chromium.instance24411;chromium.instance24688;chromium.instance26709;chromium.instance2727;chromium.instance27304;chromium.instance27458;chromium.instance27524;chromium.instance27743;chromium.instance28927;chromium.instance29460;chromium.instance29714;chromium.instance29738;chromium.instance30090;chromium.instance30992;chromium.instance31427;chromium.instance31657;chromium.instance32087;chromium.instance3212;chromium.instance3283;chromium.instance3608;chromium.instance3869;chromium.instance4877;chromium.instance5035;chromium.instance5140;chromium.instance5601;chromium.instance5904;chromium.instance608;chromium.instance6247;chromium.instance6580;chromium.instance6957;chromium.instance7682;chromium.instance8017;chromium.instance8084;chromium.instance9210;chromium.instance9222;chromium.instance9531;vlc;vlc.instance11682;vlc.instance11945;vlc.instance20276;vlc.instance29355;vlc.instance29788;vlc.instance31117;vlc.instance32389;vlc.instance32730;vlc.instance4247;vlc.instance547;vlc.instance6556;vlc.instance7068;vlc.instance7470;vlc.instance7765"/>
    </property>
    <property name="plugin-13" type="string" value="cpugraph"/>
    <property name="plugin-14" type="string" value="pager">
      <property name="rows" type="uint" value="2"/>
    </property>
    <property name="plugin-4" type="string" value="power-manager-plugin"/>
    <property name="plugin-7" type="string" value="xfce4-timer-plugin"/>
    <property name="plugin-5" type="string" value="systray">
      <property name="names-visible" type="array">
        <value type="string" value="thunar"/>
        <value type="string" value="vlc"/>
        <value type="string" value="kazam"/>
        <value type="string" value="networkmanager applet"/>
        <value type="string" value="ibus panel"/>
        <value type="string" value="zoom"/>
        <value type="string" value="teamviewer"/>
        <value type="string" value="flameshot"/>
        <value type="string" value="notes"/>
      </property>
      <property name="names-hidden" type="array">
      </property>
    </property>
  </property>
</channel>
